{"cameraMode":{"drawMode":0,"name":"Shaded","section":"Shading Mode"},"sceneLighting":false,"audioPlay":false,"sceneViewState":{"m_AlwaysRefresh":false,"showFog":true,"showSkybox":false,"showFlares":true,"showImageEffects":true,"showParticleSystems":true,"showVisualEffectGraphs":true,"m_FxEnabled":true},"in2DMode":false,"pivot":{"x":-117.10032653808594,"y":51.23365783691406,"z":-106.17083740234375},"rotation":{"x":-0.18013688921928407,"y":0.38153794407844546,"z":-0.07607512921094895,"w":-0.9034372568130493},"size":225.57977294921876,"orthographic":false}